person_age,person_income,person_home_ownership,person_emp_length,loan_intent,loan_grade,loan_amnt,loan_int_rate,loan_status,loan_percent_income,cb_person_default_on_file,cb_person_cred_hist_length,affected_features
22,12600,MORTGAGE,4.0,PERSONAL,A,2000,5.42,1,0.16,N,4,person_emp_length
24,185000,MORTGAGE,4.0,EDUCATION,B,35000,12.42,0,0.19,N,2,person_emp_length
25,52000,RENT,4.0,PERSONAL,B,24000,10.74,1,0.46,N,2,person_emp_length
22,17352,MORTGAGE,4.0,EDUCATION,C,2250,15.27,0,0.13,Y,3,person_emp_length
22,18000,OWN,4.0,VENTURE,B,2000,11.49,0,0.11,N,3,person_emp_length
21,18000,OWN,4.0,EDUCATION,B,5000,11.11,1,0.28,N,2,person_emp_length
24,19200,MORTGAGE,4.0,HOMEIMPROVEMENT,A,7000,5.99,1,0.36,N,4,person_emp_length
21,19253,MORTGAGE,4.0,DEBTCONSOLIDATION,A,6250,6.17,1,0.32,N,3,person_emp_length
24,20856,OWN,4.0,VENTURE,B,10000,10.59,0,0.48,N,4,person_emp_length
21,21600,OWN,4.0,VENTURE,A,7125,6.99,0,0.33,N,3,person_emp_length
22,21600,MORTGAGE,4.0,EDUCATION,A,4025,5.42,0,0.19,N,4,person_emp_length
22,21600,MORTGAGE,4.0,PERSONAL,C,4000,12.99,0,0.19,N,2,person_emp_length
26,21600,OWN,4.0,MEDICAL,B,4200,9.99,0,0.19,N,3,person_emp_length
26,21600,OWN,4.0,VENTURE,A,3000,6.76,0,0.14,N,2,person_emp_length
26,22296,OWN,4.0,PERSONAL,A,5400,5.42,0,0.24,N,3,person_emp_length
22,22800,MORTGAGE,4.0,PERSONAL,C,8300,12.61,1,0.36,Y,2,person_emp_length
25,23000,MORTGAGE,4.0,HOMEIMPROVEMENT,A,4400,6.76,0,0.19,N,2,person_emp_length
23,10000,RENT,4.0,PERSONAL,B,1000,10.37,1,0.1,N,2,person_emp_length
21,10140,RENT,4.0,HOMEIMPROVEMENT,C,1000,13.43,1,0.1,N,4,person_emp_length
23,10500,RENT,4.0,MEDICAL,B,1000,10.25,1,0.1,N,2,person_emp_length
22,11220,RENT,4.0,MEDICAL,C,1000,12.99,0,0.09,N,4,person_emp_length
23,11820,RENT,4.0,DEBTCONSOLIDATION,C,1000,14.65,0,0.08,N,3,person_emp_length
24,13728,RENT,4.0,DEBTCONSOLIDATION,B,1000,10.0,1,0.07,N,4,person_emp_length
24,16800,RENT,4.0,VENTURE,B,1000,11.49,0,0.06,N,3,person_emp_length
22,23964,OWN,4.0,VENTURE,B,2500,9.91,0,0.1,N,2,person_emp_length
25,24000,MORTGAGE,4.0,DEBTCONSOLIDATION,A,5800,5.99,0,0.24,N,3,person_emp_length
25,49200,RENT,4.0,VENTURE,D,18250,14.83,1,0.37,N,3,person_emp_length
21,36000,RENT,4.0,PERSONAL,B,18000,9.88,1,0.5,N,3,person_emp_length
23,24000,OWN,4.0,PERSONAL,B,4200,10.99,0,0.17,N,4,person_emp_length
25,59256,RENT,4.0,MEDICAL,C,17600,12.99,0,0.3,N,2,person_emp_length
24,24468,OWN,4.0,HOMEIMPROVEMENT,B,5000,10.75,0,0.2,N,3,person_emp_length
24,45000,RENT,4.0,EDUCATION,D,17000,14.96,1,0.38,Y,2,person_emp_length
23,25000,OWN,4.0,MEDICAL,C,4000,15.27,0,0.16,Y,4,person_emp_length
25,72000,RENT,4.0,MEDICAL,A,17000,7.88,0,0.24,N,3,person_emp_length
23,25200,MORTGAGE,4.0,MEDICAL,A,1200,7.49,0,0.05,N,3,person_emp_length
25,26000,OWN,4.0,EDUCATION,A,10000,5.79,0,0.38,N,3,person_emp_length
23,30000,RENT,4.0,VENTURE,A,1000,7.49,0,0.03,N,3,person_emp_length
22,36000,RENT,4.0,MEDICAL,B,1000,9.88,0,0.03,N,3,person_emp_length
25,40800,RENT,4.0,DEBTCONSOLIDATION,D,1000,15.57,1,0.02,N,2,person_emp_length
26,64000,RENT,4.0,DEBTCONSOLIDATION,B,1000,10.75,0,0.02,N,3,person_emp_length
25,35000,RENT,4.0,DEBTCONSOLIDATION,A,1100,6.76,0,0.03,N,2,person_emp_length
23,11000,RENT,4.0,EDUCATION,A,1200,6.91,0,0.11,N,3,person_emp_length
21,26784,MORTGAGE,4.0,EDUCATION,A,2000,6.99,1,0.07,N,3,person_emp_length
23,27000,OWN,4.0,EDUCATION,B,5000,10.65,0,0.19,N,4,person_emp_length
26,27000,MORTGAGE,4.0,DEBTCONSOLIDATION,A,3000,5.79,0,0.11,N,3,person_emp_length
23,27000,MORTGAGE,4.0,EDUCATION,B,4000,9.62,0,0.15,N,2,person_emp_length
25,43200,RENT,4.0,VENTURE,B,1200,9.91,0,0.03,N,4,person_emp_length
25,27500,MORTGAGE,4.0,EDUCATION,A,9000,7.49,0,0.33,N,4,person_emp_length
26,45000,RENT,4.0,DEBTCONSOLIDATION,B,1400,10.59,0,0.03,N,4,person_emp_length
21,10000,RENT,4.0,MEDICAL,A,1450,7.51,0,0.14,N,4,person_emp_length
23,27600,MORTGAGE,4.0,EDUCATION,A,9800,7.29,0,0.36,N,4,person_emp_length
25,27800,OWN,4.0,VENTURE,A,14125,6.99,0,0.51,N,4,person_emp_length
25,28000,MORTGAGE,4.0,MEDICAL,A,9600,6.03,0,0.34,N,3,person_emp_length
24,51600,RENT,4.0,HOMEIMPROVEMENT,C,1500,12.61,0,0.03,Y,2,person_emp_length
25,63128,RENT,4.0,VENTURE,A,1500,7.49,0,0.02,N,4,person_emp_length
23,10008,RENT,4.0,DEBTCONSOLIDATION,B,1600,10.36,1,0.16,N,2,person_emp_length
24,28440,MORTGAGE,4.0,MEDICAL,B,6000,9.99,0,0.21,N,3,person_emp_length
21,28776,MORTGAGE,4.0,EDUCATION,A,8000,8.9,0,0.28,N,4,person_emp_length
22,10000,RENT,4.0,DEBTCONSOLIDATION,C,1750,14.72,1,0.17,Y,3,person_emp_length
25,10008,RENT,4.0,VENTURE,A,1750,7.49,1,0.17,N,3,person_emp_length
24,28800,OWN,4.0,EDUCATION,A,7500,8.49,0,0.26,N,2,person_emp_length
26,22584,RENT,4.0,PERSONAL,A,1800,8.49,0,0.08,N,2,person_emp_length
25,28800,MORTGAGE,4.0,EDUCATION,A,1000,5.42,0,0.03,N,3,person_emp_length
22,28800,MORTGAGE,4.0,PERSONAL,B,14500,9.88,0,0.5,N,2,person_emp_length
26,14400,RENT,4.0,MEDICAL,A,2000,6.92,0,0.14,N,4,person_emp_length
24,17616,RENT,4.0,VENTURE,B,2000,10.37,0,0.11,N,2,person_emp_length
24,24000,RENT,4.0,HOMEIMPROVEMENT,B,2000,12.69,1,0.08,N,2,person_emp_length
22,29184,OWN,4.0,MEDICAL,A,1800,5.42,0,0.06,N,4,person_emp_length
22,24702,RENT,4.0,EDUCATION,C,2000,13.23,0,0.08,Y,4,person_emp_length
25,25000,RENT,4.0,VENTURE,B,2000,9.91,0,0.08,N,4,person_emp_length
23,60000,RENT,4.0,MEDICAL,C,2000,13.06,0,0.03,Y,3,person_emp_length
25,30000,MORTGAGE,4.0,EDUCATION,D,10625,16.49,0,0.35,N,4,person_emp_length
23,30000,OWN,4.0,VENTURE,A,7000,7.49,0,0.23,N,3,person_emp_length
22,30000,OWN,4.0,EDUCATION,B,5125,10.0,0,0.17,N,3,person_emp_length
22,30000,OWN,4.0,EDUCATION,A,12000,7.66,0,0.4,N,2,person_emp_length
25,30000,MORTGAGE,4.0,HOMEIMPROVEMENT,A,8000,6.92,0,0.27,N,3,person_emp_length
26,43000,RENT,4.0,PERSONAL,A,2125,8.9,0,0.05,N,3,person_emp_length
24,30000,MORTGAGE,4.0,HOMEIMPROVEMENT,A,8000,6.17,0,0.27,N,2,person_emp_length
22,30000,OWN,4.0,VENTURE,C,7000,13.98,0,0.23,Y,2,person_emp_length
26,14400,RENT,4.0,MEDICAL,B,2350,9.91,1,0.16,N,4,person_emp_length
25,15648,RENT,4.0,EDUCATION,B,2400,11.71,0,0.15,N,4,person_emp_length
21,18000,RENT,4.0,VENTURE,C,2400,14.72,0,0.13,N,2,person_emp_length
22,18000,RENT,4.0,DEBTCONSOLIDATION,C,2400,13.61,0,0.13,Y,3,person_emp_length
24,25000,RENT,4.0,VENTURE,C,2400,13.8,0,0.1,Y,4,person_emp_length
25,95000,RENT,4.0,DEBTCONSOLIDATION,B,2400,9.25,0,0.03,N,2,person_emp_length
21,12000,RENT,4.0,MEDICAL,B,2500,11.99,1,0.21,N,4,person_emp_length
21,12540,RENT,4.0,HOMEIMPROVEMENT,A,2500,7.88,1,0.2,N,2,person_emp_length
24,30996,OWN,4.0,EDUCATION,A,8000,7.51,0,0.26,N,3,person_emp_length
25,31000,MORTGAGE,4.0,HOMEIMPROVEMENT,A,5200,5.42,0,0.17,N,4,person_emp_length
24,39000,RENT,4.0,EDUCATION,B,13000,10.75,1,0.33,N,4,person_emp_length
22,31200,MORTGAGE,4.0,MEDICAL,A,2000,7.29,0,0.06,N,3,person_emp_length
22,31215,OWN,4.0,EDUCATION,B,14000,9.91,0,0.45,N,3,person_emp_length
25,26400,RENT,4.0,EDUCATION,B,2500,10.62,0,0.09,N,2,person_emp_length
25,31500,MORTGAGE,4.0,EDUCATION,A,8250,7.51,0,0.26,N,4,person_emp_length
22,31500,OWN,4.0,VENTURE,A,8000,6.03,0,0.25,N,2,person_emp_length
21,31544,MORTGAGE,4.0,MEDICAL,A,2200,7.9,0,0.07,N,2,person_emp_length
21,32000,MORTGAGE,4.0,MEDICAL,A,8000,5.99,0,0.25,N,3,person_emp_length
22,32000,MORTGAGE,4.0,EDUCATION,A,11050,7.49,0,0.35,N,2,person_emp_length
26,30000,RENT,4.0,VENTURE,C,2800,14.65,0,0.09,Y,3,person_emp_length
25,32004,MORTGAGE,4.0,MEDICAL,A,7200,5.42,0,0.22,N,4,person_emp_length
22,32400,MORTGAGE,4.0,PERSONAL,A,5000,7.49,0,0.15,N,3,person_emp_length
23,16080,RENT,4.0,DEBTCONSOLIDATION,D,3000,16.29,1,0.19,Y,2,person_emp_length
21,33000,OWN,4.0,PERSONAL,A,2500,6.03,0,0.08,N,4,person_emp_length
26,33000,OWN,4.0,VENTURE,A,10150,8.49,0,0.31,N,2,person_emp_length
23,33098,MORTGAGE,4.0,DEBTCONSOLIDATION,D,9000,16.29,1,0.27,Y,3,person_emp_length
24,40000,RENT,4.0,EDUCATION,D,3000,17.27,1,0.07,N,2,person_emp_length
23,33600,MORTGAGE,4.0,DEBTCONSOLIDATION,C,4000,14.79,0,0.12,N,2,person_emp_length
24,33600,MORTGAGE,4.0,VENTURE,A,12000,5.42,0,0.36,N,2,person_emp_length
26,49200,RENT,4.0,DEBTCONSOLIDATION,C,12000,15.23,0,0.24,Y,3,person_emp_length
24,33996,OWN,4.0,MEDICAL,B,5100,11.12,0,0.15,N,4,person_emp_length
23,34200,MORTGAGE,4.0,MEDICAL,A,5500,7.49,0,0.16,N,4,person_emp_length
25,34800,MORTGAGE,4.0,DEBTCONSOLIDATION,A,9450,5.99,0,0.27,N,4,person_emp_length
22,35000,MORTGAGE,4.0,VENTURE,F,5000,21.36,0,0.14,Y,2,person_emp_length
25,17436,RENT,4.0,VENTURE,B,3025,11.49,1,0.17,N,2,person_emp_length
26,35000,OWN,4.0,PERSONAL,B,7200,11.11,0,0.21,N,4,person_emp_length
23,29000,OWN,4.0,MEDICAL,F,10000,18.62,1,0.34,Y,3,person_emp_length
21,12000,RENT,4.0,VENTURE,B,3200,11.49,1,0.27,N,2,person_emp_length
22,30000,RENT,4.0,DEBTCONSOLIDATION,D,3200,15.62,1,0.11,Y,4,person_emp_length
25,33000,RENT,4.0,HOMEIMPROVEMENT,C,3200,12.99,1,0.1,Y,2,person_emp_length
23,35352,MORTGAGE,4.0,EDUCATION,A,6500,5.42,0,0.18,N,2,person_emp_length
22,29554,MORTGAGE,4.0,DEBTCONSOLIDATION,A,5775,5.42,1,0.2,N,3,person_emp_length
25,27600,RENT,4.0,VENTURE,B,3500,10.99,0,0.13,N,4,person_emp_length
23,30000,RENT,4.0,MEDICAL,B,3500,11.49,1,0.12,N,2,person_emp_length
26,30000,MORTGAGE,4.0,DEBTCONSOLIDATION,A,8000,6.62,1,0.27,N,4,person_emp_length
22,36000,MORTGAGE,4.0,MEDICAL,A,7275,6.03,0,0.2,N,3,person_emp_length
24,36000,MORTGAGE,4.0,HOMEIMPROVEMENT,A,14775,6.62,0,0.41,N,4,person_emp_length
24,36000,OWN,4.0,EDUCATION,A,6500,5.42,0,0.18,N,2,person_emp_length
22,10800,RENT,4.0,VENTURE,C,3600,12.23,1,0.33,Y,3,person_emp_length
21,36000,OWN,4.0,EDUCATION,A,11000,5.42,0,0.31,N,3,person_emp_length
25,12000,RENT,4.0,DEBTCONSOLIDATION,B,3600,9.62,1,0.3,N,2,person_emp_length
21,24000,RENT,4.0,EDUCATION,B,3600,11.99,0,0.15,N,3,person_emp_length
23,36000,OWN,4.0,VENTURE,A,18000,7.88,0,0.5,N,2,person_emp_length
26,36000,OWN,4.0,PERSONAL,B,15000,10.25,0,0.42,N,2,person_emp_length
23,36000,MORTGAGE,4.0,EDUCATION,A,10000,7.14,0,0.28,N,3,person_emp_length
24,30000,MORTGAGE,4.0,HOMEIMPROVEMENT,C,10000,14.22,1,0.33,Y,3,person_emp_length
26,36588,MORTGAGE,4.0,DEBTCONSOLIDATION,B,10000,10.65,0,0.27,N,3,person_emp_length
26,36636,MORTGAGE,4.0,MEDICAL,A,5000,6.03,0,0.14,N,2,person_emp_length
21,36648,MORTGAGE,4.0,DEBTCONSOLIDATION,B,7125,9.91,0,0.19,N,2,person_emp_length
25,30780,MORTGAGE,4.0,MEDICAL,A,5500,8.49,1,0.18,N,4,person_emp_length
24,36852,MORTGAGE,4.0,EDUCATION,B,6000,9.99,0,0.16,N,4,person_emp_length
25,30600,RENT,4.0,MEDICAL,C,10500,13.35,1,0.34,N,3,person_emp_length
25,37200,MORTGAGE,4.0,EDUCATION,B,10000,9.91,0,0.27,N,3,person_emp_length
22,60000,RENT,4.0,EDUCATION,C,3600,15.27,0,0.06,Y,2,person_emp_length
24,17496,RENT,4.0,EDUCATION,C,3700,14.22,1,0.21,N,4,person_emp_length
24,48000,RENT,4.0,MEDICAL,A,3700,6.99,0,0.08,N,4,person_emp_length
23,32000,MORTGAGE,4.0,EDUCATION,B,1000,10.59,1,0.03,N,2,person_emp_length
22,15708,RENT,4.0,HOMEIMPROVEMENT,B,4000,11.12,1,0.25,N,3,person_emp_length
25,24000,RENT,4.0,PERSONAL,B,4000,11.71,0,0.17,N,3,person_emp_length
23,25000,RENT,4.0,VENTURE,B,4000,11.71,0,0.16,N,4,person_emp_length
25,25200,RENT,4.0,EDUCATION,B,4000,10.25,0,0.16,N,2,person_emp_length
24,38268,MORTGAGE,4.0,PERSONAL,B,6000,9.88,0,0.16,N,4,person_emp_length
22,38400,MORTGAGE,4.0,EDUCATION,B,5000,11.49,0,0.13,N,2,person_emp_length
22,38400,MORTGAGE,4.0,PERSONAL,A,1000,5.79,0,0.03,N,2,person_emp_length
26,38400,MORTGAGE,4.0,EDUCATION,C,10000,13.98,0,0.26,N,4,person_emp_length
22,34800,RENT,4.0,DEBTCONSOLIDATION,B,4000,10.74,0,0.11,N,3,person_emp_length
26,33192,MORTGAGE,4.0,PERSONAL,B,3000,12.69,1,0.09,N,4,person_emp_length
24,39828,OWN,4.0,MEDICAL,B,3000,8.88,0,0.08,N,4,person_emp_length
21,39828,OWN,4.0,PERSONAL,B,15000,10.99,0,0.38,N,3,person_emp_length
22,28080,RENT,4.0,MEDICAL,B,4200,9.91,1,0.15,N,4,person_emp_length
23,40000,OWN,4.0,VENTURE,A,7500,5.42,0,0.19,N,2,person_emp_length
22,30000,RENT,4.0,EDUCATION,A,4350,6.03,0,0.14,N,4,person_emp_length
24,16800,RENT,4.0,DEBTCONSOLIDATION,B,4375,9.99,1,0.26,N,2,person_emp_length
25,17600,RENT,4.0,PERSONAL,C,4500,13.99,1,0.26,N,2,person_emp_length
23,18000,RENT,4.0,VENTURE,A,4500,7.49,1,0.25,N,4,person_emp_length
24,32000,RENT,4.0,MEDICAL,A,4500,7.29,0,0.14,N,4,person_emp_length
22,44000,RENT,4.0,PERSONAL,D,4500,14.46,1,0.1,Y,2,person_emp_length
23,40000,MORTGAGE,4.0,EDUCATION,A,4000,6.39,0,0.1,N,3,person_emp_length
24,22392,RENT,4.0,MEDICAL,B,4650,9.99,0,0.21,N,4,person_emp_length
22,19800,RENT,4.0,DEBTCONSOLIDATION,B,4800,10.99,1,0.24,N,2,person_emp_length
23,23136,RENT,4.0,EDUCATION,A,4800,6.17,0,0.21,N,2,person_emp_length
22,23448,RENT,4.0,DEBTCONSOLIDATION,B,4800,11.86,0,0.2,N,3,person_emp_length
21,27000,RENT,4.0,DEBTCONSOLIDATION,C,4800,13.49,0,0.18,N,4,person_emp_length
22,31200,RENT,4.0,VENTURE,B,4800,10.37,0,0.15,N,4,person_emp_length
23,40800,OWN,4.0,MEDICAL,A,21000,6.17,0,0.51,N,3,person_emp_length
25,40800,MORTGAGE,4.0,HOMEIMPROVEMENT,A,8000,5.79,0,0.2,N,2,person_emp_length
21,41000,MORTGAGE,4.0,PERSONAL,A,3000,5.79,0,0.07,N,4,person_emp_length
26,89000,RENT,4.0,EDUCATION,A,4800,5.99,0,0.05,N,2,person_emp_length
24,41100,OWN,4.0,PERSONAL,A,5600,6.03,0,0.14,N,3,person_emp_length
21,88000,RENT,4.0,VENTURE,E,10000,17.93,1,0.11,Y,3,person_emp_length
25,42000,MORTGAGE,4.0,DEBTCONSOLIDATION,B,3000,9.91,0,0.07,N,4,person_emp_length
22,42000,MORTGAGE,4.0,VENTURE,B,3500,9.91,0,0.08,N,2,person_emp_length
24,42000,MORTGAGE,4.0,VENTURE,A,8000,6.62,0,0.19,N,3,person_emp_length
25,13296,RENT,4.0,HOMEIMPROVEMENT,B,4950,9.63,1,0.37,N,3,person_emp_length
25,30000,RENT,4.0,EDUCATION,A,5000,7.9,0,0.17,N,3,person_emp_length
23,30000,RENT,4.0,HOMEIMPROVEMENT,C,5000,12.99,1,0.17,Y,2,person_emp_length
25,42000,MORTGAGE,4.0,VENTURE,B,3500,10.36,0,0.08,N,2,person_emp_length
23,36000,RENT,4.0,DEBTCONSOLIDATION,A,5000,6.17,0,0.14,N,2,person_emp_length
22,36000,RENT,4.0,MEDICAL,C,5000,13.48,0,0.14,N,3,person_emp_length
23,31516,RENT,4.0,DEBTCONSOLIDATION,B,5000,9.91,1,0.16,N,4,person_emp_length
23,32000,RENT,4.0,PERSONAL,B,5000,9.91,1,0.16,N,3,person_emp_length
22,40000,RENT,4.0,EDUCATION,A,5000,8.9,0,0.13,N,2,person_emp_length
22,40000,RENT,4.0,EDUCATION,A,5000,6.17,0,0.13,N,2,person_emp_length
22,43200,MORTGAGE,4.0,VENTURE,A,7975,7.49,0,0.18,N,2,person_emp_length
26,43873,OWN,4.0,HOMEIMPROVEMENT,D,17500,16.32,0,0.4,N,3,person_emp_length
23,44000,MORTGAGE,4.0,MEDICAL,A,6000,5.42,0,0.14,N,4,person_emp_length
24,44000,MORTGAGE,4.0,MEDICAL,A,3600,5.79,0,0.08,N,2,person_emp_length
26,44400,MORTGAGE,4.0,VENTURE,C,6500,14.35,0,0.15,N,2,person_emp_length
25,80000,RENT,4.0,DEBTCONSOLIDATION,A,8800,7.51,0,0.11,N,2,person_emp_length
22,26000,RENT,4.0,EDUCATION,A,8500,6.17,1,0.33,N,3,person_emp_length
24,39000,MORTGAGE,4.0,DEBTCONSOLIDATION,A,7000,7.49,1,0.18,N,3,person_emp_length
22,39000,MORTGAGE,4.0,HOMEIMPROVEMENT,A,5500,5.99,1,0.14,N,4,person_emp_length
26,40500,RENT,4.0,DEBTCONSOLIDATION,A,8500,7.88,0,0.21,N,2,person_emp_length
23,45000,OWN,4.0,EDUCATION,C,15000,14.79,0,0.33,N,4,person_emp_length
22,21040,RENT,4.0,EDUCATION,B,8450,11.71,1,0.4,N,4,person_emp_length
25,45149,MORTGAGE,4.0,EDUCATION,A,9000,5.79,0,0.2,N,4,person_emp_length
23,45600,MORTGAGE,4.0,MEDICAL,B,3000,11.49,0,0.07,N,4,person_emp_length
22,39696,MORTGAGE,4.0,EDUCATION,B,14125,12.42,1,0.36,N,4,person_emp_length
23,46000,MORTGAGE,4.0,MEDICAL,A,3000,7.88,0,0.07,N,3,person_emp_length
21,22000,RENT,4.0,PERSONAL,B,5325,12.42,1,0.24,N,3,person_emp_length
26,36000,RENT,4.0,VENTURE,A,5400,8.9,0,0.15,N,2,person_emp_length
26,15436,RENT,4.0,DEBTCONSOLIDATION,A,5500,7.88,1,0.36,N,3,person_emp_length
23,46800,MORTGAGE,4.0,PERSONAL,A,5000,6.99,0,0.11,N,2,person_emp_length
26,46800,MORTGAGE,4.0,HOMEIMPROVEMENT,D,6000,14.91,0,0.13,N,2,person_emp_length
21,46800,MORTGAGE,4.0,DEBTCONSOLIDATION,A,5000,7.51,0,0.11,N,3,person_emp_length
23,46932,OWN,4.0,EDUCATION,A,7000,5.79,0,0.15,N,4,person_emp_length
24,47100,MORTGAGE,4.0,PERSONAL,B,4000,11.49,0,0.08,N,3,person_emp_length
24,20485,RENT,4.0,PERSONAL,A,5575,7.9,0,0.27,N,4,person_emp_length
21,20000,RENT,4.0,MEDICAL,B,5600,10.75,0,0.28,N,4,person_emp_length
22,47952,MORTGAGE,4.0,VENTURE,A,15000,6.17,0,0.31,N,4,person_emp_length
22,42000,MORTGAGE,4.0,PERSONAL,A,3200,7.9,1,0.08,N,3,person_emp_length
23,62000,RENT,4.0,VENTURE,B,5600,9.99,0,0.09,N,4,person_emp_length
24,48000,MORTGAGE,4.0,HOMEIMPROVEMENT,B,2000,12.69,0,0.04,N,4,person_emp_length
24,42000,MORTGAGE,4.0,MEDICAL,A,19000,6.99,1,0.45,N,3,person_emp_length
23,20124,RENT,4.0,DEBTCONSOLIDATION,C,5950,13.49,0,0.3,Y,3,person_emp_length
25,48000,MORTGAGE,4.0,HOMEIMPROVEMENT,A,4500,5.42,0,0.09,N,2,person_emp_length
24,21640,RENT,4.0,VENTURE,A,6000,6.62,0,0.28,N,4,person_emp_length
24,42000,MORTGAGE,4.0,PERSONAL,E,18250,16.82,1,0.43,Y,4,person_emp_length
24,24000,RENT,4.0,MEDICAL,C,6000,12.99,0,0.25,Y,4,person_emp_length
23,32124,RENT,4.0,MEDICAL,D,6000,16.77,1,0.19,Y,3,person_emp_length
22,34039,RENT,4.0,PERSONAL,A,6000,7.9,0,0.18,N,2,person_emp_length
22,49000,MORTGAGE,4.0,PERSONAL,A,16750,6.91,0,0.34,N,4,person_emp_length
22,49200,MORTGAGE,4.0,DEBTCONSOLIDATION,A,21000,7.51,0,0.43,N,4,person_emp_length
22,50000,MORTGAGE,4.0,VENTURE,B,10000,12.69,0,0.2,N,4,person_emp_length
24,44000,MORTGAGE,4.0,MEDICAL,B,5000,11.99,1,0.11,N,3,person_emp_length
23,54516,RENT,4.0,VENTURE,B,6000,9.91,0,0.11,N,3,person_emp_length
21,15600,RENT,4.0,EDUCATION,A,7000,7.51,1,0.45,N,2,person_emp_length
21,17000,RENT,4.0,DEBTCONSOLIDATION,B,7000,10.62,1,0.41,N,2,person_emp_length
23,18500,RENT,4.0,EDUCATION,A,7000,7.66,1,0.38,N,4,person_emp_length
24,50000,OWN,4.0,VENTURE,B,21000,10.62,0,0.42,N,4,person_emp_length
25,22776,RENT,4.0,HOMEIMPROVEMENT,B,7000,9.91,1,0.31,N,4,person_emp_length
24,50112,OWN,4.0,PERSONAL,A,1000,5.42,0,0.02,N,2,person_emp_length
25,50400,MORTGAGE,4.0,HOMEIMPROVEMENT,A,6000,7.14,0,0.12,N,4,person_emp_length
23,14898,RENT,4.0,VENTURE,C,6250,15.27,1,0.42,N,2,person_emp_length
22,16000,RENT,4.0,VENTURE,B,6250,9.91,1,0.39,N,2,person_emp_length
24,46000,MORTGAGE,4.0,MEDICAL,D,10000,15.99,1,0.22,N,3,person_emp_length
24,12624,RENT,4.0,VENTURE,C,6300,13.85,1,0.5,N,3,person_emp_length
24,21600,RENT,4.0,VENTURE,C,6500,14.79,1,0.3,Y,4,person_emp_length
25,35000,RENT,4.0,MEDICAL,C,6500,12.68,0,0.19,Y,2,person_emp_length
23,52360,MORTGAGE,4.0,VENTURE,D,15000,16.49,0,0.29,Y,2,person_emp_length
22,52800,OWN,4.0,MEDICAL,A,7000,6.99,0,0.13,N,4,person_emp_length
21,21600,RENT,4.0,DEBTCONSOLIDATION,A,6700,6.92,1,0.31,N,4,person_emp_length
23,53160,MORTGAGE,4.0,DEBTCONSOLIDATION,A,7000,7.49,0,0.13,N,3,person_emp_length
23,53500,MORTGAGE,4.0,DEBTCONSOLIDATION,B,2000,9.62,0,0.04,N,4,person_emp_length
22,30000,RENT,4.0,HOMEIMPROVEMENT,D,6400,15.99,1,0.21,N,2,person_emp_length
21,53876,MORTGAGE,4.0,PERSONAL,C,2700,14.72,0,0.05,N,4,person_emp_length
25,41508,RENT,4.0,MEDICAL,C,6400,14.79,0,0.15,N,3,person_emp_length
23,54000,MORTGAGE,4.0,DEBTCONSOLIDATION,B,5000,9.99,0,0.09,N,3,person_emp_length
21,26400,RENT,4.0,PERSONAL,D,7000,14.84,1,0.27,Y,3,person_emp_length
25,54300,MORTGAGE,4.0,PERSONAL,A,8000,6.92,0,0.15,N,4,person_emp_length
21,30600,RENT,4.0,DEBTCONSOLIDATION,A,7000,7.29,0,0.23,N,2,person_emp_length
26,36000,RENT,4.0,MEDICAL,C,7000,13.98,1,0.19,Y,2,person_emp_length
26,55000,MORTGAGE,4.0,VENTURE,A,4500,8.49,0,0.08,N,3,person_emp_length
22,55000,OWN,4.0,VENTURE,A,1275,6.91,0,0.02,N,3,person_emp_length
25,56000,MORTGAGE,4.0,EDUCATION,A,5000,5.42,0,0.09,N,3,person_emp_length
24,43995,RENT,4.0,PERSONAL,C,7400,13.99,1,0.17,Y,4,person_emp_length
23,56400,MORTGAGE,4.0,EDUCATION,B,4000,11.49,0,0.07,N,4,person_emp_length
21,56532,MORTGAGE,4.0,EDUCATION,A,16000,7.88,0,0.28,N,3,person_emp_length
24,56533,MORTGAGE,4.0,HOMEIMPROVEMENT,B,20000,11.11,0,0.35,N,2,person_emp_length
25,57120,MORTGAGE,4.0,MEDICAL,B,25000,10.99,0,0.44,N,4,person_emp_length
26,57550,MORTGAGE,4.0,DEBTCONSOLIDATION,A,3500,5.42,0,0.06,N,4,person_emp_length
23,57600,MORTGAGE,4.0,DEBTCONSOLIDATION,A,10000,6.03,0,0.17,N,4,person_emp_length
22,57600,OWN,4.0,EDUCATION,A,1500,5.99,0,0.03,N,3,person_emp_length
24,57600,MORTGAGE,4.0,HOMEIMPROVEMENT,A,3300,5.42,0,0.06,N,4,person_emp_length
25,41412,RENT,4.0,MEDICAL,B,7600,11.12,0,0.18,N,3,person_emp_length
22,23400,RENT,4.0,EDUCATION,A,7700,5.99,1,0.33,N,2,person_emp_length
26,59000,MORTGAGE,4.0,VENTURE,A,7800,6.99,0,0.13,N,2,person_emp_length
25,23000,RENT,4.0,HOMEIMPROVEMENT,D,8000,14.46,1,0.35,Y,2,person_emp_length
26,59760,MORTGAGE,4.0,HOMEIMPROVEMENT,B,6000,9.99,0,0.1,N,2,person_emp_length
22,60000,MORTGAGE,4.0,EDUCATION,A,12000,7.51,0,0.2,N,3,person_emp_length
26,60000,MORTGAGE,4.0,EDUCATION,A,10000,6.03,0,0.17,N,4,person_emp_length
24,60000,MORTGAGE,4.0,VENTURE,A,12000,7.9,0,0.2,N,3,person_emp_length
23,60000,MORTGAGE,4.0,EDUCATION,A,16000,7.49,0,0.27,N,3,person_emp_length
23,60000,MORTGAGE,4.0,EDUCATION,B,5600,10.99,0,0.09,N,2,person_emp_length
22,60000,MORTGAGE,4.0,EDUCATION,A,10000,5.99,0,0.17,N,2,person_emp_length
25,54000,MORTGAGE,4.0,DEBTCONSOLIDATION,D,10000,16.89,1,0.19,Y,2,person_emp_length
23,48000,RENT,4.0,VENTURE,C,8000,12.99,0,0.17,Y,4,person_emp_length
24,48000,RENT,4.0,DEBTCONSOLIDATION,A,8000,7.51,0,0.17,N,4,person_emp_length
22,60000,MORTGAGE,4.0,EDUCATION,A,5000,6.54,0,0.08,N,4,person_emp_length
22,60000,OWN,4.0,EDUCATION,B,20000,11.12,0,0.33,N,3,person_emp_length
25,54000,RENT,4.0,HOMEIMPROVEMENT,B,8000,9.91,1,0.15,N,2,person_emp_length
24,60000,MORTGAGE,4.0,MEDICAL,A,5000,7.14,0,0.08,N,2,person_emp_length
23,54780,RENT,4.0,PERSONAL,B,8000,10.65,1,0.15,N,4,person_emp_length
25,54000,MORTGAGE,4.0,DEBTCONSOLIDATION,C,12000,12.73,1,0.22,N,4,person_emp_length
26,12000,RENT,4.0,VENTURE,A,5000,6.92,1,0.42,N,4,person_emp_length
21,12360,RENT,4.0,VENTURE,B,5000,10.75,1,0.4,N,4,person_emp_length
21,17220,RENT,4.0,DEBTCONSOLIDATION,B,5000,10.37,1,0.29,N,3,person_emp_length
23,18720,RENT,4.0,DEBTCONSOLIDATION,D,5000,16.32,1,0.27,Y,3,person_emp_length
21,19140,RENT,4.0,VENTURE,A,5000,8.49,1,0.26,N,4,person_emp_length
22,20400,RENT,4.0,PERSONAL,B,5000,12.42,0,0.25,N,2,person_emp_length
26,23484,RENT,4.0,VENTURE,A,5000,7.49,0,0.21,N,2,person_emp_length
23,61000,MORTGAGE,4.0,PERSONAL,A,10000,6.99,0,0.16,N,2,person_emp_length
24,55000,MORTGAGE,4.0,HOMEIMPROVEMENT,A,7000,7.14,1,0.13,N,3,person_emp_length
22,62000,OWN,4.0,EDUCATION,A,4000,6.76,0,0.06,N,4,person_emp_length
22,62236,OWN,4.0,MEDICAL,B,5000,9.99,0,0.08,N,4,person_emp_length
25,62400,OWN,4.0,MEDICAL,D,15000,17.58,0,0.24,N,4,person_emp_length
23,62471,MORTGAGE,4.0,EDUCATION,A,12000,6.91,0,0.19,N,2,person_emp_length
22,62589,OWN,4.0,VENTURE,C,7000,13.35,0,0.11,Y,2,person_emp_length
24,63554,MORTGAGE,4.0,DEBTCONSOLIDATION,A,2500,7.51,0,0.04,N,2,person_emp_length
23,36000,RENT,4.0,DEBTCONSOLIDATION,B,9000,11.11,0,0.25,N,3,person_emp_length
22,58800,MORTGAGE,4.0,PERSONAL,D,23500,15.33,1,0.4,N,2,person_emp_length
22,22800,RENT,4.0,PERSONAL,B,9200,9.88,1,0.4,N,2,person_emp_length
26,59000,MORTGAGE,4.0,EDUCATION,B,9800,11.49,1,0.17,N,4,person_emp_length
26,65000,MORTGAGE,4.0,EDUCATION,B,6000,11.36,0,0.09,N,4,person_emp_length
23,24000,RENT,4.0,PERSONAL,B,9600,9.99,1,0.4,N,4,person_emp_length
22,66000,MORTGAGE,4.0,EDUCATION,A,6000,7.9,0,0.09,N,3,person_emp_length
22,60000,MORTGAGE,4.0,EDUCATION,A,14000,7.49,1,0.23,N,2,person_emp_length
23,66000,MORTGAGE,4.0,PERSONAL,A,10000,5.42,0,0.15,N,3,person_emp_length
22,66000,MORTGAGE,4.0,VENTURE,A,3000,7.51,0,0.05,N,3,person_emp_length
24,66766,MORTGAGE,4.0,HOMEIMPROVEMENT,A,9000,6.99,0,0.13,N,2,person_emp_length
22,20000,RENT,4.0,VENTURE,A,10000,6.62,1,0.5,N,2,person_emp_length
24,21600,RENT,4.0,MEDICAL,B,10000,9.91,1,0.46,N,3,person_emp_length
21,24000,RENT,4.0,DEBTCONSOLIDATION,C,10000,13.48,1,0.42,N,2,person_emp_length
25,25000,RENT,4.0,DEBTCONSOLIDATION,A,10000,7.66,1,0.4,N,4,person_emp_length
24,68400,MORTGAGE,4.0,PERSONAL,A,3000,5.42,0,0.04,N,4,person_emp_length
23,68400,MORTGAGE,4.0,VENTURE,B,1800,8.88,0,0.03,N,4,person_emp_length
22,36000,RENT,4.0,PERSONAL,A,10000,6.03,0,0.28,N,3,person_emp_length
26,69063,MORTGAGE,4.0,HOMEIMPROVEMENT,A,6625,7.66,0,0.1,N,4,person_emp_length
23,63600,MORTGAGE,4.0,DEBTCONSOLIDATION,B,20000,10.99,1,0.31,N,3,person_emp_length
23,70000,MORTGAGE,4.0,EDUCATION,A,10500,7.51,0,0.15,N,2,person_emp_length
22,70000,OWN,4.0,VENTURE,A,1250,5.42,0,0.02,N,4,person_emp_length
21,70000,MORTGAGE,4.0,PERSONAL,D,2500,16.49,0,0.04,N,3,person_emp_length
24,70000,OWN,4.0,PERSONAL,A,6000,5.42,0,0.09,N,2,person_emp_length
23,70000,MORTGAGE,4.0,EDUCATION,B,2500,11.99,0,0.04,N,2,person_emp_length
23,70000,OWN,4.0,VENTURE,A,11000,7.14,0,0.16,N,4,person_emp_length
25,71000,MORTGAGE,4.0,VENTURE,C,4800,13.49,0,0.07,Y,3,person_emp_length
25,71000,OWN,4.0,VENTURE,A,3250,5.79,0,0.05,N,2,person_emp_length
24,71000,OWN,4.0,HOMEIMPROVEMENT,A,10000,5.79,0,0.14,N,3,person_emp_length
22,71400,MORTGAGE,4.0,EDUCATION,B,3000,10.99,0,0.04,N,3,person_emp_length
21,12000,RENT,4.0,HOMEIMPROVEMENT,B,4000,10.99,1,0.33,N,3,person_emp_length
26,46877,RENT,4.0,DEBTCONSOLIDATION,A,10000,5.42,0,0.21,N,2,person_emp_length
24,72000,OWN,4.0,VENTURE,B,16000,12.42,0,0.22,N,3,person_emp_length
22,72000,MORTGAGE,4.0,DEBTCONSOLIDATION,A,7200,7.9,0,0.1,N,3,person_emp_length
23,72000,OWN,4.0,PERSONAL,A,15000,6.99,0,0.21,N,2,person_emp_length
24,48720,RENT,4.0,PERSONAL,C,10000,13.85,0,0.21,N,4,person_emp_length
25,72000,MORTGAGE,4.0,HOMEIMPROVEMENT,A,2000,7.66,0,0.03,N,4,person_emp_length
24,50000,RENT,4.0,DEBTCONSOLIDATION,A,10000,7.29,0,0.2,N,4,person_emp_length
25,72000,OWN,4.0,HOMEIMPROVEMENT,E,18000,16.82,0,0.25,Y,2,person_emp_length
24,73000,MORTGAGE,4.0,EDUCATION,A,16000,7.88,0,0.22,N,4,person_emp_length
24,51000,RENT,4.0,DEBTCONSOLIDATION,E,10000,17.19,1,0.2,N,2,person_emp_length
22,60000,RENT,4.0,PERSONAL,A,10000,5.99,0,0.17,N,2,person_emp_length
24,75000,MORTGAGE,4.0,HOMEIMPROVEMENT,A,7000,7.66,0,0.09,N,4,person_emp_length
23,77705,MORTGAGE,4.0,DEBTCONSOLIDATION,A,11700,6.17,0,0.15,N,3,person_emp_length
24,40000,OWN,4.0,VENTURE,A,12000,6.03,0,0.3,N,4,person_emp_length
22,52000,RENT,4.0,MEDICAL,A,11200,6.62,0,0.22,N,4,person_emp_length
23,80000,MORTGAGE,4.0,PERSONAL,A,3000,5.99,0,0.04,N,3,person_emp_length
22,31800,RENT,4.0,DEBTCONSOLIDATION,A,12000,5.42,1,0.38,N,2,person_emp_length
25,36000,RENT,4.0,EDUCATION,A,12000,5.79,1,0.33,N,3,person_emp_length
23,80000,MORTGAGE,4.0,EDUCATION,B,25000,10.25,0,0.31,N,4,person_emp_length
24,39600,RENT,4.0,VENTURE,A,12000,8.9,0,0.3,N,4,person_emp_length
25,41000,RENT,4.0,PERSONAL,B,12000,10.0,1,0.29,N,3,person_emp_length
26,38400,OWN,4.0,HOMEIMPROVEMENT,B,7000,12.69,0,0.18,N,2,person_emp_length
25,54000,RENT,4.0,PERSONAL,D,12000,16.77,1,0.22,N,4,person_emp_length
24,83000,MORTGAGE,4.0,VENTURE,B,5775,9.99,0,0.07,N,4,person_emp_length
23,38376,OWN,4.0,VENTURE,C,8400,13.8,0,0.22,Y,2,person_emp_length
22,85000,MORTGAGE,4.0,VENTURE,A,15000,6.03,0,0.18,N,2,person_emp_length
25,31200,OWN,4.0,HOMEIMPROVEMENT,E,4000,17.19,1,0.13,Y,4,person_emp_length
23,85000,MORTGAGE,4.0,EDUCATION,B,24000,10.74,0,0.28,N,2,person_emp_length
26,85000,MORTGAGE,4.0,EDUCATION,B,6000,9.88,0,0.07,N,3,person_emp_length
22,36000,OWN,4.0,VENTURE,A,6000,8.9,0,0.17,N,3,person_emp_length
25,86244,MORTGAGE,4.0,EDUCATION,B,8000,11.71,0,0.09,N,4,person_emp_length
23,36000,OWN,4.0,EDUCATION,A,5500,5.42,0,0.15,N,2,person_emp_length
23,90000,MORTGAGE,4.0,PERSONAL,A,3000,6.03,0,0.03,N,4,person_emp_length
23,210000,RENT,4.0,EDUCATION,B,12000,10.59,0,0.06,N,2,person_emp_length
21,90000,MORTGAGE,4.0,EDUCATION,B,1500,10.75,0,0.02,N,4,person_emp_length
25,90000,OWN,4.0,VENTURE,A,5000,6.76,0,0.06,N,4,person_emp_length
23,15600,RENT,4.0,DEBTCONSOLIDATION,A,2500,7.29,1,0.16,N,3,person_emp_length
24,19464,RENT,4.0,PERSONAL,C,2500,13.84,1,0.13,Y,3,person_emp_length
23,34188,OWN,4.0,VENTURE,A,3200,7.14,0,0.09,N,3,person_emp_length
24,93600,MORTGAGE,4.0,MEDICAL,A,3600,5.42,0,0.04,N,2,person_emp_length
21,40000,RENT,4.0,VENTURE,B,12800,12.69,1,0.32,N,2,person_emp_length
22,94342,MORTGAGE,4.0,EDUCATION,B,2400,10.59,0,0.03,N,4,person_emp_length
22,33600,OWN,4.0,PERSONAL,C,12000,13.06,0,0.36,Y,4,person_emp_length
23,33600,OWN,4.0,VENTURE,A,4000,5.79,0,0.12,N,4,person_emp_length
23,96260,MORTGAGE,4.0,EDUCATION,D,25200,15.65,0,0.26,N,2,person_emp_length
24,49150,RENT,4.0,EDUCATION,B,14000,11.71,0,0.28,N,3,person_emp_length
24,98000,MORTGAGE,4.0,MEDICAL,A,5000,5.79,0,0.05,N,2,person_emp_length
23,88000,MORTGAGE,4.0,VENTURE,C,1000,13.49,1,0.01,Y,4,person_emp_length
23,30000,OWN,4.0,EDUCATION,A,14125,6.62,0,0.47,N,4,person_emp_length
26,30000,RENT,4.0,VENTURE,A,14500,7.66,1,0.48,N,2,person_emp_length
26,104676,MORTGAGE,4.0,MEDICAL,A,16000,5.99,0,0.15,N,4,person_emp_length
26,35000,RENT,4.0,MEDICAL,B,14500,11.49,1,0.41,N,3,person_emp_length
21,31200,RENT,4.0,MEDICAL,A,15000,6.62,1,0.48,N,3,person_emp_length
26,108000,MORTGAGE,4.0,HOMEIMPROVEMENT,A,8000,5.42,0,0.07,N,4,person_emp_length
23,110000,MORTGAGE,4.0,EDUCATION,B,25000,9.91,0,0.23,N,3,person_emp_length
25,110000,MORTGAGE,4.0,VENTURE,B,7000,9.88,0,0.06,N,2,person_emp_length
26,28000,OWN,4.0,EDUCATION,A,16750,7.88,0,0.6,N,4,person_emp_length
21,26300,OWN,4.0,MEDICAL,A,7500,6.62,0,0.29,N,4,person_emp_length
22,26232,OWN,4.0,MEDICAL,A,6000,6.03,0,0.23,N,2,person_emp_length
25,118450,MORTGAGE,4.0,DEBTCONSOLIDATION,B,15000,10.37,0,0.13,N,4,person_emp_length
22,120000,MORTGAGE,4.0,EDUCATION,A,6000,8.9,0,0.05,N,3,person_emp_length
26,120000,MORTGAGE,4.0,VENTURE,B,25000,12.69,0,0.21,N,2,person_emp_length
22,25000,OWN,4.0,VENTURE,A,5000,6.03,0,0.2,N,2,person_emp_length
25,25000,OWN,4.0,EDUCATION,A,8500,6.03,0,0.34,N,2,person_emp_length
25,12732,RENT,4.0,HOMEIMPROVEMENT,C,1550,15.27,1,0.12,N,2,person_emp_length
23,24972,OWN,4.0,VENTURE,B,2600,11.86,0,0.1,N,4,person_emp_length
22,24960,OWN,4.0,PERSONAL,A,4525,7.51,0,0.18,N,4,person_emp_length
25,125000,MORTGAGE,4.0,EDUCATION,C,8000,13.8,0,0.06,N,3,person_emp_length
22,24000,OWN,4.0,VENTURE,A,1500,6.91,0,0.06,N,4,person_emp_length
23,24000,OWN,4.0,VENTURE,B,5000,10.38,0,0.21,N,4,person_emp_length
25,126000,MORTGAGE,4.0,DEBTCONSOLIDATION,A,6000,6.92,0,0.05,N,3,person_emp_length
23,130000,MORTGAGE,4.0,MEDICAL,A,6000,5.42,0,0.05,N,2,person_emp_length
23,21000,OWN,4.0,VENTURE,C,3825,14.65,0,0.18,N,4,person_emp_length
24,144000,MORTGAGE,4.0,DEBTCONSOLIDATION,C,8000,14.72,0,0.06,N,4,person_emp_length
23,84000,RENT,4.0,EDUCATION,A,15000,6.03,0,0.18,N,4,person_emp_length
23,19200,OWN,4.0,PERSONAL,A,6000,6.54,1,0.31,N,2,person_emp_length
22,19008,OWN,4.0,PERSONAL,A,12000,5.42,1,0.63,N,4,person_emp_length
25,9600,RENT,4.0,MEDICAL,C,1200,15.23,0,0.13,N,2,person_emp_length
21,9600,RENT,4.0,MEDICAL,B,2375,10.0,1,0.25,N,3,person_emp_length
22,9600,RENT,4.0,EDUCATION,B,1200,10.37,0,0.13,N,2,person_emp_length
23,9192,RENT,4.0,PERSONAL,A,1750,7.51,1,0.19,N,3,person_emp_length
23,8400,RENT,4.0,EDUCATION,B,2000,10.65,1,0.24,N,2,person_emp_length
24,8400,RENT,4.0,EDUCATION,C,1500,13.99,1,0.18,Y,2,person_emp_length
26,8400,RENT,4.0,EDUCATION,A,3500,7.29,1,0.42,N,3,person_emp_length
22,8280,RENT,4.0,MEDICAL,B,2400,9.91,1,0.29,N,2,person_emp_length
21,8088,RENT,4.0,MEDICAL,C,1200,15.23,0,0.15,Y,2,person_emp_length
23,8088,RENT,4.0,MEDICAL,B,1000,10.0,0,0.12,N,4,person_emp_length
22,8000,RENT,4.0,MEDICAL,A,2100,7.51,1,0.26,N,2,person_emp_length
26,15436,RENT,4.0,HOMEIMPROVEMENT,A,5500,7.88,1,0.36,N,3,person_emp_length
21,18000,RENT,4.0,MEDICAL,C,2400,14.72,0,0.13,N,3,person_emp_length
23,36000,RENT,4.0,DEBTCONSOLIDATION,B,9000,11.11,0,0.25,N,4,person_emp_length
21,46800,MORTGAGE,4.0,MEDICAL,A,5000,7.51,0,0.11,N,4,person_emp_length
25,54000,RENT,4.0,HOMEIMPROVEMENT,D,12000,16.77,1,0.22,N,2,person_emp_length
24,48720,RENT,4.0,EDUCATION,C,10000,13.85,0,0.21,Y,3,person_emp_length
26,46800,MORTGAGE,4.0,PERSONAL,D,6000,14.91,0,0.13,Y,3,person_emp_length
22,38400,MORTGAGE,4.0,PERSONAL,B,5000,11.49,0,0.13,N,3,person_emp_length
23,20124,RENT,4.0,MEDICAL,C,5950,13.49,0,0.3,Y,3,person_emp_length
21,28776,MORTGAGE,4.0,VENTURE,A,8000,8.9,0,0.28,N,2,person_emp_length
25,72000,RENT,4.0,DEBTCONSOLIDATION,A,17000,7.88,0,0.24,N,3,person_emp_length
25,41412,RENT,4.0,MEDICAL,B,7600,11.12,0,0.18,N,4,person_emp_length
23,52360,MORTGAGE,4.0,PERSONAL,D,15000,16.49,0,0.29,Y,2,person_emp_length
23,29000,OWN,4.0,EDUCATION,F,10000,18.62,1,0.34,N,4,person_emp_length
24,70000,OWN,4.0,EDUCATION,A,6000,5.42,0,0.09,N,2,person_emp_length
24,20856,OWN,4.0,PERSONAL,B,10000,10.59,0,0.48,N,3,person_emp_length
22,42000,MORTGAGE,4.0,DEBTCONSOLIDATION,A,3200,7.9,1,0.08,N,3,person_emp_length
21,24000,RENT,4.0,MEDICAL,C,10000,13.48,1,0.42,N,2,person_emp_length
22,30000,RENT,4.0,PERSONAL,D,6400,15.99,1,0.21,N,4,person_emp_length
23,62471,MORTGAGE,4.0,PERSONAL,A,12000,6.91,0,0.19,N,4,person_emp_length
26,36000,RENT,4.0,MEDICAL,A,5400,8.9,0,0.15,N,4,person_emp_length
25,27600,RENT,4.0,HOMEIMPROVEMENT,B,3500,10.99,1,0.13,N,4,person_emp_length
23,21000,OWN,4.0,VENTURE,C,3825,14.65,0,0.18,N,4,person_emp_length
21,8088,RENT,4.0,MEDICAL,C,1200,15.23,0,0.15,Y,2,person_emp_length
24,75000,MORTGAGE,4.0,PERSONAL,A,7000,7.66,0,0.09,N,3,person_emp_length
25,62400,OWN,4.0,DEBTCONSOLIDATION,D,15000,17.58,0,0.24,N,3,person_emp_length
23,36000,OWN,4.0,VENTURE,A,5500,5.42,0,0.15,N,3,person_emp_length
24,40000,RENT,4.0,PERSONAL,D,3000,17.27,1,0.07,Y,2,person_emp_length
23,130000,MORTGAGE,4.0,MEDICAL,A,6000,5.42,0,0.05,N,4,person_emp_length
22,25000,OWN,4.0,VENTURE,A,5000,6.03,0,0.2,N,3,person_emp_length
23,80000,MORTGAGE,4.0,PERSONAL,A,3000,5.99,0,0.04,N,3,person_emp_length
26,64000,RENT,4.0,DEBTCONSOLIDATION,B,1000,10.75,0,0.02,N,2,person_emp_length
23,46932,OWN,4.0,EDUCATION,A,7000,5.79,0,0.15,N,3,person_emp_length
22,55000,OWN,4.0,PERSONAL,A,1275,6.91,0,0.02,N,4,person_emp_length
26,85000,MORTGAGE,4.0,DEBTCONSOLIDATION,B,6000,9.88,0,0.07,N,2,person_emp_length
26,57550,MORTGAGE,4.0,DEBTCONSOLIDATION,A,3500,5.42,0,0.06,N,4,person_emp_length
23,16080,RENT,4.0,EDUCATION,D,3000,16.29,1,0.19,Y,2,person_emp_length
21,21600,OWN,4.0,VENTURE,A,7125,6.99,0,0.33,N,3,person_emp_length
24,43995,RENT,4.0,EDUCATION,C,7400,13.99,1,0.17,Y,3,person_emp_length
22,60000,MORTGAGE,4.0,DEBTCONSOLIDATION,A,5000,6.54,0,0.08,N,3,person_emp_length
24,8400,RENT,4.0,EDUCATION,C,1500,13.99,1,0.18,N,4,person_emp_length
25,27800,OWN,4.0,EDUCATION,A,14125,6.99,0,0.51,N,2,person_emp_length
24,72000,OWN,4.0,EDUCATION,B,16000,12.42,0,0.22,N,2,person_emp_length
24,21600,RENT,4.0,EDUCATION,B,10000,9.91,1,0.46,N,3,person_emp_length
25,63128,RENT,4.0,VENTURE,A,1500,7.49,0,0.02,N,2,person_emp_length
25,56000,MORTGAGE,4.0,PERSONAL,A,5000,5.42,0,0.09,N,4,person_emp_length
23,19200,OWN,4.0,HOMEIMPROVEMENT,A,6000,6.54,1,0.31,N,4,person_emp_length
23,54000,MORTGAGE,4.0,PERSONAL,B,5000,9.99,0,0.09,N,2,person_emp_length
22,10800,RENT,4.0,MEDICAL,C,3600,12.23,1,0.33,Y,3,person_emp_length
22,19008,OWN,4.0,VENTURE,A,12000,5.42,1,0.63,N,2,person_emp_length
26,44400,MORTGAGE,4.0,DEBTCONSOLIDATION,C,6500,14.35,0,0.15,N,3,person_emp_length
22,30000,OWN,4.0,MEDICAL,C,7000,13.98,0,0.23,Y,2,person_emp_length
30,10200,OWN,4.0,HOMEIMPROVEMENT,B,5500,10.36,1,0.54,N,8,person_emp_length
27,10400,OWN,4.0,PERSONAL,C,4750,14.72,1,0.46,Y,7,person_emp_length
30,10800,OWN,4.0,EDUCATION,B,2400,9.99,1,0.22,N,7,person_emp_length
31,150000,RENT,4.0,EDUCATION,D,35000,18.25,1,0.23,N,6,person_emp_length
28,11340,OWN,4.0,DEBTCONSOLIDATION,A,2325,6.39,1,0.21,N,7,person_emp_length
28,12000,OWN,4.0,EDUCATION,B,3000,9.62,1,0.25,N,5,person_emp_length
28,12000,OWN,4.0,MEDICAL,B,2000,10.75,1,0.17,N,6,person_emp_length
27,57000,RENT,4.0,HOMEIMPROVEMENT,D,25475,15.99,1,0.45,Y,7,person_emp_length
29,230000,MORTGAGE,4.0,MEDICAL,A,8500,7.49,0,0.04,N,10,person_emp_length
29,163000,RENT,4.0,VENTURE,D,4000,16.29,1,0.02,N,6,person_emp_length
30,15600,MORTGAGE,4.0,DEBTCONSOLIDATION,A,6250,5.79,1,0.4,N,6,person_emp_length
33,16620,OWN,4.0,HOMEIMPROVEMENT,A,3000,5.99,1,0.18,N,6,person_emp_length
31,16656,MORTGAGE,4.0,MEDICAL,C,2400,14.72,1,0.14,N,7,person_emp_length
28,16800,OWN,4.0,MEDICAL,C,5000,13.98,1,0.3,N,8,person_emp_length
35,17640,OWN,4.0,MEDICAL,D,4000,16.29,1,0.23,N,7,person_emp_length
34,45600,RENT,4.0,PERSONAL,B,23500,11.36,1,0.52,N,9,person_emp_length
29,22000,OWN,4.0,PERSONAL,B,2400,10.75,0,0.11,N,7,person_emp_length
28,22200,OWN,4.0,HOMEIMPROVEMENT,B,2500,11.49,0,0.11,N,5,person_emp_length
27,11808,RENT,4.0,MEDICAL,D,1000,14.91,1,0.08,N,8,person_emp_length
33,12000,RENT,4.0,EDUCATION,A,1000,7.88,1,0.08,N,7,person_emp_length
29,12480,RENT,4.0,EDUCATION,A,1000,8.9,0,0.08,N,9,person_emp_length
30,23748,MORTGAGE,4.0,MEDICAL,C,6100,14.27,1,0.26,Y,10,person_emp_length
30,24000,MORTGAGE,4.0,DEBTCONSOLIDATION,A,7000,6.62,0,0.29,N,10,person_emp_length
30,24000,OWN,4.0,MEDICAL,A,7500,7.88,0,0.31,N,9,person_emp_length
29,25000,MORTGAGE,4.0,EDUCATION,A,8500,7.9,0,0.34,N,5,person_emp_length
31,25000,MORTGAGE,4.0,DEBTCONSOLIDATION,A,3000,8.9,0,0.12,N,8,person_emp_length
30,25000,MORTGAGE,4.0,DEBTCONSOLIDATION,B,7000,10.99,0,0.28,N,10,person_emp_length
30,24000,RENT,4.0,MEDICAL,C,1000,15.96,0,0.04,Y,7,person_emp_length
33,24000,RENT,4.0,MEDICAL,D,1000,14.91,1,0.04,Y,5,person_emp_length
35,29311,RENT,4.0,EDUCATION,A,1000,7.49,0,0.03,N,9,person_emp_length
31,43200,RENT,4.0,MEDICAL,B,1000,10.74,0,0.02,N,9,person_emp_length
30,27000,OWN,4.0,HOMEIMPROVEMENT,A,4200,7.88,0,0.16,N,9,person_emp_length
28,30000,RENT,4.0,HOMEIMPROVEMENT,B,1500,9.63,1,0.05,N,10,person_emp_length
30,39000,RENT,4.0,DEBTCONSOLIDATION,A,1500,7.51,1,0.04,N,9,person_emp_length
30,12000,RENT,4.0,MEDICAL,C,1800,14.35,0,0.15,Y,5,person_emp_length
31,15204,RENT,4.0,EDUCATION,A,1875,8.49,1,0.12,N,7,person_emp_length
29,20000,RENT,4.0,HOMEIMPROVEMENT,F,2000,18.3,1,0.1,N,9,person_emp_length
30,21240,RENT,4.0,MEDICAL,C,2000,14.22,0,0.09,Y,9,person_emp_length
28,30000,MORTGAGE,4.0,VENTURE,A,6000,6.03,0,0.2,N,8,person_emp_length
28,30000,MORTGAGE,4.0,MEDICAL,A,4750,7.9,0,0.16,N,7,person_emp_length
30,11292,RENT,4.0,MEDICAL,A,2100,6.76,1,0.19,N,6,person_emp_length
29,15000,RENT,4.0,PERSONAL,C,2200,13.48,1,0.15,N,10,person_emp_length
29,30000,MORTGAGE,4.0,HOMEIMPROVEMENT,A,5000,7.51,0,0.17,N,8,person_emp_length
30,18000,RENT,4.0,EDUCATION,B,2400,11.49,0,0.13,N,10,person_emp_length
35,10800,RENT,4.0,EDUCATION,D,2500,14.84,1,0.23,N,5,person_emp_length
29,30108,MORTGAGE,4.0,EDUCATION,A,1400,8.9,1,0.05,N,9,person_emp_length
29,30156,OWN,4.0,VENTURE,A,7000,6.99,0,0.23,N,10,person_emp_length
28,32000,MORTGAGE,4.0,HOMEIMPROVEMENT,D,8575,17.58,1,0.27,N,7,person_emp_length
31,61200,RENT,4.0,MEDICAL,A,2500,6.62,0,0.04,N,10,person_emp_length
28,32400,MORTGAGE,4.0,PERSONAL,B,2500,8.88,1,0.08,N,8,person_emp_length
30,32400,OWN,4.0,EDUCATION,B,3000,10.62,0,0.09,N,9,person_emp_length
32,18072,RENT,4.0,DEBTCONSOLIDATION,A,3000,6.03,1,0.17,N,7,person_emp_length
30,38400,RENT,4.0,DEBTCONSOLIDATION,C,3000,12.99,0,0.08,N,9,person_emp_length
27,33600,RENT,4.0,MEDICAL,D,3000,16.89,1,0.09,N,8,person_emp_length
33,33600,MORTGAGE,4.0,PERSONAL,C,2500,14.65,0,0.07,N,8,person_emp_length
27,33600,MORTGAGE,4.0,HOMEIMPROVEMENT,A,6400,7.14,0,0.19,N,10,person_emp_length
27,33975,MORTGAGE,4.0,DEBTCONSOLIDATION,B,10000,9.25,0,0.29,N,7,person_emp_length
29,35000,OWN,4.0,HOMEIMPROVEMENT,A,8300,7.9,0,0.24,N,7,person_emp_length
35,35000,MORTGAGE,4.0,EDUCATION,B,4000,9.63,0,0.11,N,8,person_emp_length
30,35000,MORTGAGE,4.0,DEBTCONSOLIDATION,B,22750,10.62,0,0.65,N,10,person_emp_length
34,35184,MORTGAGE,4.0,PERSONAL,B,5000,10.74,0,0.14,N,7,person_emp_length
28,35376,MORTGAGE,4.0,PERSONAL,A,1500,8.49,0,0.04,N,10,person_emp_length
32,24000,RENT,4.0,MEDICAL,B,3500,11.86,0,0.15,N,10,person_emp_length
30,25000,RENT,4.0,PERSONAL,B,3500,11.11,0,0.14,N,5,person_emp_length
34,36000,OWN,4.0,VENTURE,A,1200,5.42,0,0.03,N,8,person_emp_length
31,36000,MORTGAGE,4.0,EDUCATION,B,1000,10.59,0,0.03,N,9,person_emp_length
27,36000,MORTGAGE,4.0,DEBTCONSOLIDATION,A,6000,7.29,0,0.17,N,10,person_emp_length
28,36000,OWN,4.0,MEDICAL,C,15250,12.98,0,0.42,Y,10,person_emp_length
28,36000,MORTGAGE,4.0,VENTURE,D,6000,15.21,0,0.17,N,7,person_emp_length
29,20688,RENT,4.0,PERSONAL,A,10400,8.49,1,0.5,N,9,person_emp_length
29,30000,RENT,4.0,VENTURE,E,10200,17.99,1,0.34,Y,10,person_emp_length
27,38000,OWN,4.0,MEDICAL,A,6500,5.42,0,0.17,N,6,person_emp_length
28,18000,RENT,4.0,VENTURE,B,4000,11.12,1,0.22,N,8,person_emp_length
32,27500,RENT,4.0,HOMEIMPROVEMENT,B,4000,10.62,1,0.15,N,7,person_emp_length
34,38400,MORTGAGE,4.0,EDUCATION,B,6500,9.25,0,0.17,N,10,person_emp_length
31,38970,MORTGAGE,4.0,MEDICAL,C,5750,12.68,0,0.15,Y,7,person_emp_length
30,51372,RENT,4.0,HOMEIMPROVEMENT,A,4500,6.39,0,0.09,N,7,person_emp_length
33,14076,RENT,4.0,EDUCATION,A,4800,6.76,1,0.34,N,8,person_emp_length
27,27180,RENT,4.0,MEDICAL,A,4800,7.14,0,0.18,N,10,person_emp_length
31,30000,RENT,4.0,MEDICAL,B,4800,12.42,0,0.16,N,8,person_emp_length
33,40800,MORTGAGE,4.0,DEBTCONSOLIDATION,A,15000,7.51,0,0.37,N,5,person_emp_length
28,40800,MORTGAGE,4.0,DEBTCONSOLIDATION,A,5000,6.76,0,0.12,N,10,person_emp_length
32,41400,OWN,4.0,PERSONAL,A,10500,6.62,0,0.25,N,9,person_emp_length
33,42000,OWN,4.0,VENTURE,B,5000,10.59,0,0.12,N,6,person_emp_length
32,25000,RENT,4.0,HOMEIMPROVEMENT,C,9800,12.23,1,0.39,Y,8,person_emp_length
30,42000,OWN,4.0,PERSONAL,C,4000,15.23,0,0.1,Y,9,person_emp_length
32,42000,MORTGAGE,4.0,PERSONAL,A,1225,5.79,0,0.03,N,10,person_emp_length
34,29152,RENT,4.0,VENTURE,B,5000,10.36,0,0.17,N,7,person_emp_length
29,32400,RENT,4.0,MEDICAL,A,5000,8.9,0,0.15,N,8,person_emp_length
35,36000,RENT,4.0,MEDICAL,B,5000,9.91,0,0.14,N,5,person_emp_length
28,34000,RENT,4.0,PERSONAL,A,5000,7.9,1,0.15,N,5,person_emp_length
32,45000,MORTGAGE,4.0,PERSONAL,B,7200,12.69,0,0.16,N,9,person_emp_length
33,25000,RENT,4.0,DEBTCONSOLIDATION,C,8500,13.43,1,0.34,N,6,person_emp_length
28,27050,RENT,4.0,VENTURE,C,8500,15.96,1,0.31,Y,10,person_emp_length
28,45000,OWN,4.0,MEDICAL,B,15000,9.88,0,0.33,N,6,person_emp_length
29,67027,RENT,4.0,MEDICAL,A,5000,7.51,1,0.06,N,10,person_emp_length
28,45600,MORTGAGE,4.0,VENTURE,C,2500,13.35,0,0.05,N,9,person_emp_length
33,46709,MORTGAGE,4.0,EDUCATION,B,6200,10.99,0,0.13,N,8,person_emp_length
32,21600,RENT,4.0,DEBTCONSOLIDATION,C,5500,14.72,0,0.25,Y,7,person_emp_length
28,46858,MORTGAGE,4.0,PERSONAL,B,3600,9.91,0,0.08,N,10,person_emp_length
31,30000,RENT,4.0,DEBTCONSOLIDATION,B,5500,8.88,0,0.18,N,9,person_emp_length
32,11688,RENT,4.0,PERSONAL,C,5600,13.48,1,0.48,Y,10,person_emp_length
27,47400,MORTGAGE,4.0,HOMEIMPROVEMENT,A,13500,6.17,0,0.28,N,9,person_emp_length
28,48000,MORTGAGE,4.0,DEBTCONSOLIDATION,C,5000,14.65,0,0.1,Y,7,person_emp_length
28,48000,OWN,4.0,PERSONAL,D,8000,16.77,0,0.17,Y,9,person_emp_length
28,42000,MORTGAGE,4.0,DEBTCONSOLIDATION,D,7600,16.29,1,0.18,N,7,person_emp_length
31,26988,RENT,4.0,VENTURE,A,5800,6.62,0,0.21,N,9,person_emp_length
35,42000,MORTGAGE,4.0,EDUCATION,C,5000,14.17,1,0.12,N,8,person_emp_length
28,42000,MORTGAGE,4.0,MEDICAL,B,4000,9.25,1,0.1,N,10,person_emp_length
33,19200,RENT,4.0,PERSONAL,B,6000,10.65,1,0.31,N,6,person_emp_length
28,23000,RENT,4.0,MEDICAL,B,6000,8.88,0,0.26,N,5,person_emp_length
30,24000,RENT,4.0,PERSONAL,A,6000,5.42,0,0.25,N,8,person_emp_length
32,25200,RENT,4.0,MEDICAL,D,6000,16.49,1,0.24,Y,5,person_emp_length
33,27120,RENT,4.0,DEBTCONSOLIDATION,C,6000,13.49,1,0.22,N,8,person_emp_length
29,49000,OWN,4.0,PERSONAL,A,4400,6.62,0,0.09,N,9,person_emp_length
30,43800,MORTGAGE,4.0,DEBTCONSOLIDATION,D,13200,16.29,1,0.3,N,9,person_emp_length
32,50000,OWN,4.0,EDUCATION,A,10000,6.03,0,0.2,N,9,person_emp_length
34,50000,OWN,4.0,EDUCATION,A,10000,6.03,0,0.2,N,5,person_emp_length
28,50000,MORTGAGE,4.0,EDUCATION,A,15000,6.99,0,0.3,N,10,person_emp_length
27,50000,OWN,4.0,HOMEIMPROVEMENT,D,7800,15.99,0,0.16,N,10,person_emp_length
27,50000,OWN,4.0,PERSONAL,B,5125,9.99,0,0.1,N,10,person_emp_length
30,50000,OWN,4.0,VENTURE,A,8000,5.79,0,0.16,N,8,person_emp_length
30,63552,RENT,4.0,MEDICAL,B,6000,11.49,0,0.09,N,7,person_emp_length
28,44340,MORTGAGE,4.0,PERSONAL,A,2600,7.14,1,0.06,N,6,person_emp_length
27,50400,MORTGAGE,4.0,EDUCATION,B,3600,8.88,0,0.07,N,10,person_emp_length
31,52800,MORTGAGE,4.0,EDUCATION,B,9250,10.36,0,0.18,N,6,person_emp_length
27,46800,MORTGAGE,4.0,MEDICAL,D,8000,15.7,1,0.17,N,8,person_emp_length
29,18000,RENT,4.0,VENTURE,B,6400,10.37,1,0.36,N,5,person_emp_length
35,54000,OWN,4.0,VENTURE,A,6000,6.62,0,0.11,N,9,person_emp_length
31,54000,MORTGAGE,4.0,VENTURE,A,6000,7.66,0,0.11,N,6,person_emp_length
27,54000,MORTGAGE,4.0,DEBTCONSOLIDATION,A,2000,7.14,0,0.04,N,9,person_emp_length
29,30000,RENT,4.0,PERSONAL,C,7200,15.27,0,0.24,Y,9,person_emp_length
33,38400,RENT,4.0,EDUCATION,C,7500,13.49,0,0.2,N,5,person_emp_length
27,57600,OWN,4.0,VENTURE,C,3000,12.99,0,0.05,Y,10,person_emp_length
31,57758,MORTGAGE,4.0,DEBTCONSOLIDATION,A,12000,6.62,0,0.21,N,9,person_emp_length
29,24000,RENT,4.0,VENTURE,C,7750,13.85,1,0.32,N,8,person_emp_length
28,24000,RENT,4.0,MEDICAL,D,7950,15.99,1,0.33,N,5,person_emp_length
29,58800,MORTGAGE,4.0,VENTURE,B,11400,10.99,0,0.19,N,9,person_emp_length
27,24000,RENT,4.0,EDUCATION,C,8000,12.99,1,0.33,Y,6,person_emp_length
27,60000,MORTGAGE,4.0,DEBTCONSOLIDATION,B,4000,9.91,0,0.07,N,7,person_emp_length
29,60000,MORTGAGE,4.0,HOMEIMPROVEMENT,C,14125,13.49,0,0.24,N,6,person_emp_length
31,35142,RENT,4.0,VENTURE,B,8000,11.11,0,0.23,N,6,person_emp_length
33,60000,OWN,4.0,VENTURE,C,10000,13.98,0,0.17,N,7,person_emp_length
28,60000,MORTGAGE,4.0,PERSONAL,B,3500,10.25,0,0.06,N,10,person_emp_length
30,60000,MORTGAGE,4.0,DEBTCONSOLIDATION,C,6000,12.73,0,0.1,Y,6,person_emp_length
29,61200,MORTGAGE,4.0,HOMEIMPROVEMENT,A,17000,6.03,0,0.28,N,10,person_emp_length
30,61200,MORTGAGE,4.0,EDUCATION,A,8000,6.62,0,0.13,N,8,person_emp_length
32,61200,MORTGAGE,4.0,HOMEIMPROVEMENT,A,15000,6.99,0,0.25,N,10,person_emp_length
27,61200,MORTGAGE,4.0,HOMEIMPROVEMENT,B,5700,11.12,0,0.09,N,6,person_emp_length
28,62400,MORTGAGE,4.0,MEDICAL,A,5400,7.29,0,0.09,N,7,person_emp_length
31,56400,MORTGAGE,4.0,MEDICAL,C,4000,13.35,1,0.07,N,5,person_emp_length
30,648000,RENT,4.0,DEBTCONSOLIDATION,C,8000,12.73,0,0.01,Y,10,person_emp_length
31,63000,OWN,4.0,MEDICAL,A,5000,6.03,0,0.08,N,5,person_emp_length
33,63600,MORTGAGE,4.0,DEBTCONSOLIDATION,C,8500,13.23,0,0.13,N,8,person_emp_length
27,37000,RENT,4.0,MEDICAL,B,9000,11.11,0,0.24,N,5,person_emp_length
29,65000,MORTGAGE,4.0,DEBTCONSOLIDATION,A,3000,6.03,0,0.05,N,7,person_emp_length
28,37200,RENT,4.0,HOMEIMPROVEMENT,D,9000,14.59,1,0.24,Y,8,person_emp_length
27,65000,MORTGAGE,4.0,VENTURE,A,6025,6.03,0,0.09,N,10,person_emp_length
35,65000,MORTGAGE,4.0,VENTURE,A,6500,5.42,0,0.1,N,5,person_emp_length
33,29736,RENT,4.0,VENTURE,B,9250,9.99,1,0.31,N,10,person_emp_length
31,21900,RENT,4.0,PERSONAL,D,9500,14.59,1,0.43,N,8,person_emp_length
29,66000,MORTGAGE,4.0,PERSONAL,A,3000,7.66,0,0.05,N,7,person_emp_length
27,60000,MORTGAGE,4.0,HOMEIMPROVEMENT,C,8400,12.73,1,0.14,N,9,person_emp_length
30,66000,MORTGAGE,4.0,VENTURE,A,12000,7.51,0,0.18,N,10,person_emp_length
28,25000,RENT,4.0,MEDICAL,D,9750,18.25,1,0.39,Y,6,person_emp_length
27,24000,RENT,4.0,MEDICAL,C,10000,13.23,1,0.42,N,8,person_emp_length
30,67692,MORTGAGE,4.0,PERSONAL,C,23200,15.96,0,0.34,Y,7,person_emp_length
32,36000,RENT,4.0,VENTURE,B,10000,11.99,0,0.28,N,9,person_emp_length
28,70000,MORTGAGE,4.0,DEBTCONSOLIDATION,A,24000,5.99,0,0.34,N,5,person_emp_length
27,54400,MORTGAGE,4.0,MEDICAL,D,15000,15.65,1,0.23,Y,9,person_emp_length
34,45000,RENT,4.0,VENTURE,B,10000,11.71,0,0.22,N,10,person_emp_length
27,45000,RENT,4.0,MEDICAL,C,10000,14.22,0,0.22,Y,6,person_emp_length
30,64000,MORTGAGE,4.0,DEBTCONSOLIDATION,B,10000,10.25,1,0.16,N,8,person_emp_length
34,10380,RENT,4.0,VENTURE,C,4250,12.68,1,0.41,Y,5,person_emp_length
33,70116,MORTGAGE,4.0,PERSONAL,B,5000,11.71,0,0.07,N,6,person_emp_length
33,70632,MORTGAGE,4.0,MEDICAL,B,1500,10.65,0,0.02,N,5,person_emp_length
33,72000,MORTGAGE,4.0,PERSONAL,A,5000,6.99,0,0.07,N,5,person_emp_length
28,72000,MORTGAGE,4.0,MEDICAL,B,22000,10.25,0,0.31,N,6,person_emp_length
35,54000,RENT,4.0,PERSONAL,A,10000,5.42,0,0.19,N,10,person_emp_length
30,60000,RENT,4.0,VENTURE,A,10000,6.03,0,0.17,N,7,person_emp_length
33,75000,MORTGAGE,4.0,PERSONAL,A,6000,7.9,0,0.08,N,8,person_emp_length
29,75000,OWN,4.0,EDUCATION,D,5000,15.62,0,0.07,N,10,person_emp_length
29,76800,OWN,4.0,VENTURE,B,2400,9.62,0,0.03,N,10,person_emp_length
28,78408,MORTGAGE,4.0,EDUCATION,C,6000,15.23,0,0.08,N,8,person_emp_length
29,79200,MORTGAGE,4.0,VENTURE,A,8000,5.42,0,0.1,N,9,person_emp_length
34,80000,MORTGAGE,4.0,PERSONAL,A,15000,6.03,0,0.19,N,10,person_emp_length
30,25536,RENT,4.0,MEDICAL,C,12000,14.79,1,0.47,Y,10,person_emp_length
32,35100,RENT,4.0,EDUCATION,A,12000,5.99,1,0.34,N,10,person_emp_length
32,35830,RENT,4.0,DEBTCONSOLIDATION,A,12000,7.51,1,0.33,N,7,person_emp_length
27,83000,MORTGAGE,4.0,VENTURE,A,8800,8.49,0,0.11,N,9,person_emp_length
28,24000,RENT,4.0,PERSONAL,C,3000,15.23,0,0.13,Y,7,person_emp_length
34,25200,RENT,4.0,VENTURE,A,3000,7.66,0,0.12,N,8,person_emp_length
27,25200,RENT,4.0,PERSONAL,D,3000,15.58,1,0.12,Y,6,person_emp_length
27,37404,OWN,4.0,HOMEIMPROVEMENT,A,6000,5.42,0,0.16,N,6,person_emp_length
30,37200,OWN,4.0,VENTURE,A,10000,6.03,0,0.27,N,10,person_emp_length
34,85000,MORTGAGE,4.0,HOMEIMPROVEMENT,B,6500,9.63,0,0.08,N,7,person_emp_length
27,40800,RENT,4.0,MEDICAL,C,3000,13.48,0,0.07,Y,5,person_emp_length
28,86400,MORTGAGE,4.0,DEBTCONSOLIDATION,A,5000,7.9,0,0.06,N,8,person_emp_length
27,87360,MORTGAGE,4.0,HOMEIMPROVEMENT,B,7000,10.36,0,0.08,N,6,person_emp_length
30,15000,RENT,4.0,HOMEIMPROVEMENT,A,2700,7.29,1,0.18,N,5,person_emp_length
29,40800,RENT,4.0,VENTURE,B,2700,11.71,0,0.07,N,7,person_emp_length
29,15000,RENT,4.0,DEBTCONSOLIDATION,D,2600,16.29,1,0.17,N,10,person_emp_length
29,15889,RENT,4.0,HOMEIMPROVEMENT,A,2500,6.62,1,0.16,N,9,person_emp_length
28,16560,RENT,4.0,PERSONAL,A,2500,6.99,0,0.15,N,10,person_emp_length
32,17040,RENT,4.0,EDUCATION,A,2500,7.51,0,0.15,N,10,person_emp_length
28,93600,MORTGAGE,4.0,PERSONAL,A,35000,8.49,0,0.37,N,6,person_emp_length
31,95000,MORTGAGE,4.0,HOMEIMPROVEMENT,A,5000,6.03,0,0.05,N,5,person_emp_length
27,32496,OWN,4.0,VENTURE,B,9200,11.86,0,0.28,N,8,person_emp_length
28,96120,MORTGAGE,4.0,VENTURE,B,15000,10.0,0,0.16,N,9,person_emp_length
27,98000,MORTGAGE,4.0,PERSONAL,B,10000,12.69,0,0.1,N,7,person_emp_length
27,31200,OWN,4.0,EDUCATION,B,6000,11.71,0,0.19,N,6,person_emp_length
31,102672,OWN,4.0,EDUCATION,A,10000,7.9,0,0.1,N,10,person_emp_length
32,84000,RENT,4.0,PERSONAL,B,14400,11.99,0,0.17,N,6,person_emp_length
28,103800,MORTGAGE,4.0,MEDICAL,C,10000,14.27,0,0.1,Y,8,person_emp_length
29,105000,MORTGAGE,4.0,HOMEIMPROVEMENT,A,3000,5.99,0,0.03,N,6,person_emp_length
28,76113,RENT,4.0,HOMEIMPROVEMENT,C,14500,12.61,1,0.19,N,7,person_emp_length
35,106800,MORTGAGE,4.0,DEBTCONSOLIDATION,A,8000,6.92,0,0.07,N,9,person_emp_length
34,108000,MORTGAGE,4.0,PERSONAL,A,10000,6.91,0,0.09,N,6,person_emp_length
33,109000,MORTGAGE,4.0,MEDICAL,B,15000,11.49,0,0.14,N,5,person_emp_length
28,30144,RENT,4.0,EDUCATION,D,15000,15.95,1,0.5,Y,7,person_emp_length
27,47000,RENT,4.0,DEBTCONSOLIDATION,A,15000,8.49,1,0.32,N,10,person_emp_length
27,120000,MORTGAGE,4.0,DEBTCONSOLIDATION,A,20000,7.51,0,0.17,N,6,person_emp_length
34,51600,RENT,4.0,MEDICAL,D,1600,15.21,1,0.03,Y,6,person_emp_length
28,24000,OWN,4.0,VENTURE,A,3000,6.91,0,0.13,N,5,person_emp_length
30,24000,OWN,4.0,PERSONAL,A,6000,5.79,0,0.25,N,9,person_emp_length
30,22800,OWN,4.0,VENTURE,A,7000,7.51,0,0.31,N,8,person_emp_length
30,22584,OWN,4.0,MEDICAL,A,5000,7.51,0,0.22,N,10,person_emp_length
28,21084,OWN,4.0,EDUCATION,A,7750,7.51,0,0.37,N,9,person_emp_length
30,19200,OWN,4.0,PERSONAL,A,2100,7.14,0,0.11,N,5,person_emp_length
29,150000,MORTGAGE,4.0,DEBTCONSOLIDATION,A,14000,5.79,0,0.09,N,9,person_emp_length
27,160000,MORTGAGE,4.0,DEBTCONSOLIDATION,B,6000,10.99,0,0.04,N,6,person_emp_length
31,200000,MORTGAGE,4.0,VENTURE,A,9000,7.88,0,0.04,N,6,person_emp_length
27,82000,RENT,4.0,DEBTCONSOLIDATION,B,19200,9.99,0,0.23,N,8,person_emp_length
30,372000,OWN,4.0,HOMEIMPROVEMENT,B,2400,10.99,0,0.01,N,5,person_emp_length
30,9600,RENT,4.0,PERSONAL,A,1800,5.99,1,0.19,N,8,person_emp_length
28,9081,RENT,4.0,HOMEIMPROVEMENT,B,3000,10.25,1,0.33,N,6,person_emp_length
31,8412,OWN,4.0,PERSONAL,A,2500,7.14,1,0.3,N,8,person_emp_length
29,7200,RENT,4.0,VENTURE,B,2200,9.91,1,0.31,N,9,person_emp_length
32,4200,RENT,4.0,PERSONAL,C,1200,12.73,1,0.29,N,9,person_emp_length
30,25000,RENT,4.0,PERSONAL,B,3500,11.11,0,0.14,N,6,person_emp_length
34,29152,RENT,4.0,DEBTCONSOLIDATION,B,5000,10.36,0,0.17,N,10,person_emp_length
35,65000,MORTGAGE,4.0,DEBTCONSOLIDATION,A,6500,5.42,0,0.1,N,7,person_emp_length
27,27180,RENT,4.0,DEBTCONSOLIDATION,A,4800,7.14,0,0.18,N,5,person_emp_length
31,35142,RENT,4.0,EDUCATION,B,8000,11.11,0,0.23,N,10,person_emp_length
33,72000,MORTGAGE,4.0,VENTURE,A,5000,6.99,0,0.07,N,7,person_emp_length
34,108000,MORTGAGE,4.0,MEDICAL,A,10000,6.91,0,0.09,N,8,person_emp_length
29,60000,MORTGAGE,4.0,PERSONAL,C,14125,13.49,0,0.24,N,5,person_emp_length
29,30000,RENT,4.0,PERSONAL,E,10200,17.99,1,0.34,N,5,person_emp_length
32,45000,MORTGAGE,4.0,PERSONAL,B,7200,12.69,0,0.16,N,5,person_emp_length
35,17640,OWN,4.0,PERSONAL,D,4000,16.29,1,0.23,N,8,person_emp_length
32,61200,MORTGAGE,4.0,PERSONAL,A,15000,6.99,0,0.25,N,9,person_emp_length
33,60000,OWN,4.0,EDUCATION,C,10000,13.98,0,0.17,Y,6,person_emp_length
30,10800,OWN,4.0,PERSONAL,B,2400,9.99,1,0.22,N,7,person_emp_length
30,51372,RENT,4.0,MEDICAL,A,4500,6.39,0,0.09,N,10,person_emp_length
29,18000,RENT,4.0,DEBTCONSOLIDATION,B,6400,10.37,1,0.36,N,6,person_emp_length
30,24000,MORTGAGE,4.0,MEDICAL,A,7000,6.62,0,0.29,N,9,person_emp_length
31,16656,MORTGAGE,4.0,EDUCATION,C,2400,14.72,1,0.14,Y,5,person_emp_length
30,42000,OWN,4.0,MEDICAL,C,4000,15.23,0,0.1,Y,5,person_emp_length
35,54000,OWN,4.0,MEDICAL,A,6000,6.62,0,0.11,N,5,person_emp_length
29,30000,RENT,4.0,VENTURE,C,7200,15.27,0,0.24,Y,8,person_emp_length
28,86400,MORTGAGE,4.0,MEDICAL,A,5000,7.9,0,0.06,N,5,person_emp_length
33,24000,RENT,4.0,DEBTCONSOLIDATION,D,1000,14.91,1,0.04,Y,10,person_emp_length
30,66000,MORTGAGE,4.0,VENTURE,A,12000,7.51,0,0.18,N,9,person_emp_length
29,79200,MORTGAGE,4.0,DEBTCONSOLIDATION,A,8000,5.42,0,0.1,N,5,person_emp_length
30,70000,MORTGAGE,4.0,VENTURE,B,10000,10.25,0,0.14,N,8,person_emp_length
33,14076,RENT,4.0,MEDICAL,A,4800,6.76,1,0.34,N,7,person_emp_length
28,34000,RENT,4.0,PERSONAL,A,5000,7.9,1,0.15,N,5,person_emp_length
30,25000,MORTGAGE,4.0,DEBTCONSOLIDATION,B,7000,10.99,0,0.28,N,10,person_emp_length
47,12000,OWN,4.0,MEDICAL,B,1950,12.69,1,0.16,N,12,person_emp_length
38,12000,OWN,4.0,DEBTCONSOLIDATION,A,4800,7.29,1,0.4,N,12,person_emp_length
40,56448,RENT,4.0,HOMEIMPROVEMENT,F,28000,18.62,1,0.5,N,14,person_emp_length
44,210000,MORTGAGE,4.0,VENTURE,B,25000,10.37,0,0.12,N,14,person_emp_length
36,16908,MORTGAGE,4.0,MEDICAL,A,3000,5.42,1,0.18,N,11,person_emp_length
47,18000,MORTGAGE,4.0,PERSONAL,A,3000,5.42,1,0.17,N,12,person_emp_length
36,20112,MORTGAGE,4.0,MEDICAL,A,3900,5.99,0,0.19,N,12,person_emp_length
40,21408,MORTGAGE,4.0,HOMEIMPROVEMENT,B,1500,11.12,0,0.07,N,14,person_emp_length
37,92000,RENT,4.0,DEBTCONSOLIDATION,D,20000,14.46,1,0.22,N,15,person_emp_length
44,24000,MORTGAGE,4.0,HOMEIMPROVEMENT,D,7750,15.58,0,0.32,Y,13,person_emp_length
42,22000,RENT,4.0,DEBTCONSOLIDATION,A,1000,7.29,0,0.05,N,13,person_emp_length
44,17112,RENT,4.0,DEBTCONSOLIDATION,A,1200,7.66,0,0.07,N,14,person_emp_length
36,19200,RENT,4.0,DEBTCONSOLIDATION,B,1200,9.62,0,0.06,N,14,person_emp_length
43,51600,RENT,4.0,VENTURE,B,1500,11.86,0,0.03,N,11,person_emp_length
39,12000,RENT,4.0,VENTURE,B,2000,10.65,1,0.17,N,11,person_emp_length
39,30000,MORTGAGE,4.0,EDUCATION,A,10375,8.9,0,0.35,N,13,person_emp_length
36,52500,RENT,4.0,HOMEIMPROVEMENT,A,2250,5.42,0,0.04,N,14,person_emp_length
40,15864,RENT,4.0,MEDICAL,B,2375,11.11,0,0.15,N,12,person_emp_length
38,30132,RENT,4.0,EDUCATION,C,3000,13.85,1,0.1,N,14,person_emp_length
41,33240,OWN,4.0,MEDICAL,A,1000,7.29,0,0.03,N,17,person_emp_length
36,33600,OWN,4.0,VENTURE,E,15000,18.39,0,0.45,N,16,person_emp_length
36,33600,OWN,4.0,PERSONAL,A,3000,8.49,0,0.09,N,14,person_emp_length
38,34000,OWN,4.0,HOMEIMPROVEMENT,C,11000,13.98,0,0.32,Y,17,person_emp_length
37,35000,OWN,4.0,MEDICAL,A,16000,8.9,0,0.46,N,11,person_emp_length
40,10200,RENT,4.0,HOMEIMPROVEMENT,B,3550,11.49,1,0.35,N,15,person_emp_length
37,53976,RENT,4.0,VENTURE,D,4400,15.62,1,0.08,Y,11,person_emp_length
40,41760,MORTGAGE,4.0,MEDICAL,A,18000,5.79,0,0.43,N,14,person_emp_length
43,36000,MORTGAGE,4.0,HOMEIMPROVEMENT,A,4000,6.62,1,0.11,N,16,person_emp_length
39,42000,MORTGAGE,4.0,PERSONAL,A,5000,8.49,0,0.12,N,11,person_emp_length
48,36655,MORTGAGE,4.0,HOMEIMPROVEMENT,B,15000,12.69,1,0.41,N,16,person_emp_length
36,43776,MORTGAGE,4.0,DEBTCONSOLIDATION,A,6000,7.88,0,0.14,N,15,person_emp_length
36,26000,RENT,4.0,DEBTCONSOLIDATION,B,8500,10.62,1,0.33,N,14,person_emp_length
43,45000,OWN,4.0,MEDICAL,B,2000,11.49,0,0.04,N,17,person_emp_length
50,45600,MORTGAGE,4.0,PERSONAL,A,5000,7.9,0,0.11,N,16,person_emp_length
39,48000,MORTGAGE,4.0,DEBTCONSOLIDATION,A,3000,5.42,0,0.06,N,11,person_emp_length
37,42000,MORTGAGE,4.0,DEBTCONSOLIDATION,A,3000,6.17,1,0.07,N,13,person_emp_length
38,48000,OWN,4.0,VENTURE,A,7600,7.88,0,0.16,N,11,person_emp_length
36,49000,OWN,4.0,PERSONAL,D,4200,16.02,0,0.09,Y,13,person_emp_length
40,32400,RENT,4.0,HOMEIMPROVEMENT,A,6000,7.9,1,0.19,N,15,person_emp_length
44,43200,RENT,4.0,MEDICAL,A,6000,5.42,0,0.14,N,11,person_emp_length
37,29000,RENT,4.0,PERSONAL,B,6725,8.88,0,0.23,N,16,person_emp_length
43,35000,RENT,4.0,PERSONAL,A,6400,8.9,0,0.18,N,14,person_emp_length
38,57000,OWN,4.0,HOMEIMPROVEMENT,D,15000,17.27,0,0.26,N,16,person_emp_length
41,57253,MORTGAGE,4.0,DEBTCONSOLIDATION,A,8500,5.79,0,0.15,N,11,person_emp_length
39,24000,RENT,4.0,VENTURE,C,8000,13.8,1,0.33,N,12,person_emp_length
38,60000,MORTGAGE,4.0,DEBTCONSOLIDATION,A,12000,7.66,0,0.2,N,15,person_emp_length
43,50000,RENT,4.0,HOMEIMPROVEMENT,A,8000,7.49,0,0.16,N,16,person_emp_length
42,25000,RENT,4.0,MEDICAL,A,10000,6.99,1,0.4,N,17,person_emp_length
36,12000,RENT,4.0,MEDICAL,B,4000,10.62,1,0.33,N,11,person_emp_length
41,41435,RENT,4.0,MEDICAL,E,10000,16.45,1,0.24,N,17,person_emp_length
37,66000,MORTGAGE,4.0,EDUCATION,B,25000,11.86,1,0.38,N,13,person_emp_length
37,75000,MORTGAGE,4.0,MEDICAL,A,6000,6.03,0,0.08,N,11,person_emp_length
44,62400,RENT,4.0,HOMEIMPROVEMENT,E,10000,16.82,1,0.16,N,15,person_emp_length
37,77000,MORTGAGE,4.0,MEDICAL,A,4500,6.99,0,0.06,N,12,person_emp_length
49,77736,MORTGAGE,4.0,DEBTCONSOLIDATION,A,8000,6.03,0,0.1,N,17,person_emp_length
38,86760,MORTGAGE,4.0,PERSONAL,D,5000,15.58,0,0.06,N,12,person_emp_length
42,78000,MORTGAGE,4.0,DEBTCONSOLIDATION,A,7000,5.42,1,0.09,N,15,person_emp_length
36,30000,OWN,4.0,VENTURE,B,8000,9.99,0,0.27,N,15,person_emp_length
38,26400,OWN,4.0,HOMEIMPROVEMENT,C,4750,12.73,0,0.18,Y,14,person_emp_length
41,43439,RENT,4.0,MEDICAL,C,15000,12.73,1,0.35,N,15,person_emp_length
39,11820,RENT,4.0,MEDICAL,B,1500,11.11,0,0.13,N,11,person_emp_length
41,125000,MORTGAGE,4.0,VENTURE,A,14975,6.03,0,0.12,N,16,person_emp_length
43,125000,MORTGAGE,4.0,HOMEIMPROVEMENT,A,8800,7.88,0,0.07,N,13,person_emp_length
37,60000,RENT,4.0,DEBTCONSOLIDATION,B,15000,12.42,0,0.25,N,15,person_emp_length
39,134000,MORTGAGE,4.0,VENTURE,B,25000,10.25,0,0.19,N,17,person_emp_length
44,200000,MORTGAGE,4.0,VENTURE,A,20000,7.51,0,0.1,N,11,person_emp_length
40,15864,RENT,4.0,DEBTCONSOLIDATION,B,2375,11.11,0,0.15,N,12,person_emp_length
39,12000,RENT,4.0,DEBTCONSOLIDATION,B,2000,10.65,1,0.17,N,16,person_emp_length
47,18000,MORTGAGE,4.0,DEBTCONSOLIDATION,A,3000,5.42,1,0.17,N,13,person_emp_length
44,62400,RENT,4.0,PERSONAL,E,10000,16.82,1,0.16,N,15,person_emp_length
39,48000,MORTGAGE,4.0,MEDICAL,A,3000,5.42,0,0.06,N,16,person_emp_length
40,21408,MORTGAGE,4.0,MEDICAL,B,1500,11.12,0,0.07,N,17,person_emp_length
41,43439,RENT,4.0,VENTURE,C,15000,12.73,1,0.35,Y,15,person_emp_length
43,51600,RENT,4.0,VENTURE,B,1500,11.86,0,0.03,N,12,person_emp_length
38,30132,RENT,4.0,MEDICAL,C,3000,13.85,1,0.1,Y,14,person_emp_length
38,12000,OWN,4.0,EDUCATION,A,4800,7.29,1,0.4,N,12,person_emp_length
51,18408,RENT,4.0,PERSONAL,C,1000,14.65,1,0.05,Y,20,person_emp_length
70,39996,RENT,4.0,MEDICAL,C,3600,15.23,0,0.09,Y,19,person_emp_length
56,32400,RENT,4.0,MEDICAL,A,8575,7.51,0,0.26,N,18,person_emp_length
53,54000,RENT,4.0,MEDICAL,D,10000,14.59,1,0.19,Y,27,person_emp_length
